{"editorVersion":"6.5.22","docType":"5","title":"PCB_Antenna_TinyGS","description":"","colors":{},"schematics":[{"uuid":"58baaf6184933b73c251a6746f27a18b","docType":"1","title":"Sheet_1","description":"","dataStr":{"head":{"docType":"1","editorVersion":"6.5.22","newgId":true,"c_para":{"Prefix Start":"1"},"c_spiceCmd":null,"hasIdFlag":true},"canvas":"CA~1000~1000~#FFFFFF~yes~#CCCCCC~5~1000~1000~line~5~pixel~5~0~0","shape":["LIB~0~-806~package`NONE`BOM_Manufacturer Part`?`spicePre`.`~~0~frame_lib_1~~~0~~yes~yes~~~#@$T~N~570.828125~-809~0~#000080~Arial~~~~~comment~A~0~start~gge223~0~#@$PT~M 206 -796 L 206 -806 M 206 -10 L 206 0 M 402 -796 L 402 -806 M 402 -10 L 402 0 M 598 -796 L 598 -806 M 598 -10 L 598 0 M 794 -796 L 794 -806 M 794 -10 L 794 0 M 990 -796 L 990 -806 M 990 -10 L 990 0 M 10 -600 L 0 -600 M 1139 -600 L 1149 -600 M 10 -404 L 0 -404 M 1139 -404 L 1149 -404 M 10 -208 L 0 -208 M 1139 -208 L 1149 -208 M 10 -12 L 0 -12 M 1139 -12 L 1149 -12~#880000~1~0~none~gge10~0~frame_tick#@$T~P~571.5078125~-818~0~#000080~Arial~~~~~comment~A~0~start~gge220~0~#@$T~L~1.5~-698~0~#880000~~~~~~comment~A~1~start~gge13~0~frame_tick#@$T~L~1140.5~-698~0~#880000~~~~~~comment~A~1~start~gge19~0~frame_tick#@$T~L~1.5~-502~0~#880000~~~~~~comment~B~1~start~gge25~0~frame_tick#@$T~L~1140.5~-502~0~#880000~~~~~~comment~B~1~start~gge31~0~frame_tick#@$T~L~1.5~-306~0~#880000~~~~~~comment~C~1~start~gge37~0~frame_tick#@$T~L~1140.5~-306~0~#880000~~~~~~comment~C~1~start~gge43~0~frame_tick#@$T~L~1.5~-110~0~#880000~~~~~~comment~D~1~start~gge49~0~frame_tick#@$T~L~1140.5~-110~0~#880000~~~~~~comment~D~1~start~gge55~0~frame_tick#@$T~L~108~-797.5~0~#880000~~~~~~comment~1~1~start~gge61~0~frame_tick#@$T~L~108~-1.5~0~#880000~~~~~~comment~1~1~start~gge67~0~frame_tick#@$T~L~304~-797.5~0~#880000~~~~~~comment~2~1~start~gge73~0~frame_tick#@$T~L~304~-1.5~0~#880000~~~~~~comment~2~1~start~gge79~0~frame_tick#@$T~L~500~-797.5~0~#880000~~~~~~comment~3~1~start~gge85~0~frame_tick#@$T~L~500~-1.5~0~#880000~~~~~~comment~3~1~start~gge91~0~frame_tick#@$T~L~696~-797.5~0~#880000~~~~~~comment~4~1~start~gge97~0~frame_tick#@$T~L~696~-1.5~0~#880000~~~~~~comment~4~1~start~gge103~0~frame_tick#@$T~L~892~-797.5~0~#880000~~~~~~comment~5~1~start~gge109~0~frame_tick#@$T~L~892~-1.5~0~#880000~~~~~~comment~5~1~start~gge115~0~frame_tick#@$R~10~-796~~~1129~786~#880000~1~0~none~gge121~0~frame_innerbox#@$R~0~-806~~~1149~806~#880000~1~0~none~gge124~0~frame_outbox#@$R~694.99995~-90~~~444~80~#880000~1~0~none~gge127~0~frame_hitarea#@$PL~695.1 -50.75 1138.63 -50.75~#880000~1~0~none~gge130~0#@$PL~799.63 -30.75 1138.63 -30.75~#880000~1~0~none~gge133~0#@$PL~1059.61 -89.93 1059.63 -50.75~#880000~1~0~none~gge136~0#@$PL~1059.63 -50.75 1059.63 -30.75~#880000~1~0~none~gge139~0#@$T~L~699.99995~-77~0~#880000~~8pt~~~~comment~TITLE:~1~start~gge142~0~pinpart#@$T~L~757.62495~-64.41~0~#0000FF~~10pt~~~~comment~Sheet_1~1~start~gge148~0~frame_title#@$T~L~1064.62495~-63.75~0~#880000~~8pt~~~~comment~REV:~1~start~gge154~0~pinpart#@$T~L~1102.62495~-63.75~0~#0000FF~~9pt~~~~comment~1.0~1~start~gge160~0~frame_version#@$T~L~804.62495~-15~0~#880000~~8pt~~~~comment~Date:~1~start~gge166~0~pinpart#@$T~L~851.62495~-14.52~0~#0000FF~~9pt~~~~comment~2022-12-25~1~start~gge172~0~frame_date#@$T~L~1063.62495~-35~0~#880000~~8pt~~~~comment~Sheet:~1~start~gge178~0~pinpart#@$T~L~1108.62495~-34.52~0~#0000FF~~9pt~~~~comment~1/1~1~start~gge184~0~frame_sheet#@$T~L~943.62495~-14.75~0~#880000~~8pt~~~~comment~Drawn By:~1~start~gge190~0~pinpart#@$T~L~804.62495~-36.75~0~#880000~~8pt~~~~comment~Company:~1~start~gge202~0~pinpart#@$T~L~871.24995~-36.64~0~#0000FF~~9pt~~~~comment~Your Company~1~start~gge208~0~frame_company#@$PL~799.63 -50.75 799.63 -10.75~#880000~1~0~none~gge214~0","R~400~-605~~~157.5~157.5~#000000~1~0~none~gge232~0~"],"BBox":{"x":0,"y":-807.4,"width":1149,"height":808.3},"colors":{}}}],"BOM":[["Value","Quantity","Package","Components","CustomPara"]],"components":{}}